{"cameraMode":{"drawMode":0,"name":"Shaded","section":"Shading Mode"},"sceneLighting":true,"audioPlay":false,"sceneViewState":{"m_AlwaysRefresh":false,"showFog":true,"showSkybox":true,"showFlares":true,"showImageEffects":true,"showParticleSystems":true,"showVisualEffectGraphs":true,"m_FxEnabled":true},"in2DMode":false,"pivot":{"x":1073.423095703125,"y":-490.87261962890627,"z":-1937.7381591796875},"rotation":{"x":-0.1220318004488945,"y":0.05695881322026253,"z":-0.015563614666461945,"w":0.9908620715141296},"size":1.7651054859161378,"orthographic":true}