{"cameraMode":{"drawMode":0,"name":"Shaded","section":"Shading Mode"},"sceneLighting":false,"audioPlay":false,"sceneViewState":{"m_AlwaysRefresh":false,"showFog":true,"showSkybox":false,"showFlares":true,"showImageEffects":true,"showParticleSystems":true,"showVisualEffectGraphs":true,"m_FxEnabled":true},"in2DMode":false,"pivot":{"x":0.5730652213096619,"y":-0.9267506003379822,"z":1.5426697731018067},"rotation":{"x":0.40466320514678957,"y":0.03997253626585007,"z":-0.01772826723754406,"w":0.9134865403175354},"size":0.9890868663787842,"orthographic":false}