{"cameraMode":{"drawMode":0,"name":"Shaded","section":"Shading Mode"},"sceneLighting":false,"audioPlay":false,"sceneViewState":{"m_AlwaysRefresh":false,"showFog":true,"showSkybox":false,"showFlares":true,"showImageEffects":true,"showParticleSystems":true,"showVisualEffectGraphs":true,"m_FxEnabled":true},"in2DMode":false,"pivot":{"x":0.8535394668579102,"y":-0.7344698905944824,"z":0.8260173797607422},"rotation":{"x":0.17264032363891602,"y":0.6704316735267639,"z":-0.19891779124736787,"w":0.6936872005462647},"size":3.7197937965393068,"orthographic":false}