{"cameraMode":{"drawMode":0,"name":"Shaded","section":"Shading Mode"},"sceneLighting":false,"audioPlay":false,"sceneViewState":{"m_AlwaysRefresh":false,"showFog":true,"showSkybox":false,"showFlares":true,"showImageEffects":true,"showParticleSystems":true,"showVisualEffectGraphs":true,"m_FxEnabled":true},"in2DMode":false,"pivot":{"x":0.20923137664794923,"y":0.02262243628501892,"z":-0.1821398138999939},"rotation":{"x":-0.08588303625583649,"y":0.7242639064788818,"z":0.05864638835191727,"w":0.6816772222518921},"size":1.520849585533142,"orthographic":false}