{"cameraMode":{"drawMode":0,"name":"Shaded","section":"Shading Mode"},"sceneLighting":false,"audioPlay":false,"sceneViewState":{"m_AlwaysRefresh":false,"showFog":true,"showSkybox":false,"showFlares":true,"showImageEffects":true,"showParticleSystems":true,"showVisualEffectGraphs":true,"m_FxEnabled":true},"in2DMode":false,"pivot":{"x":0.024417579174041749,"y":0.6851561069488525,"z":-5.960464477539063e-8},"rotation":{"x":0.531521737575531,"y":-0.3294784426689148,"z":0.20286224782466889,"w":0.7535463571548462},"size":1.8214126825332642,"orthographic":false}