{"cameraMode":{"drawMode":0,"name":"Shaded","section":"Shading Mode"},"sceneLighting":false,"audioPlay":false,"sceneViewState":{"m_AlwaysRefresh":false,"showFog":true,"showSkybox":false,"showFlares":true,"showImageEffects":true,"showParticleSystems":true,"showVisualEffectGraphs":true,"m_FxEnabled":true},"in2DMode":false,"pivot":{"x":-0.02236032485961914,"y":1.1161929368972779,"z":2.1282482147216799},"rotation":{"x":-0.07319211214780808,"y":0.7579619288444519,"z":0.0514603815972805,"w":0.6461753249168396},"size":3.7197937965393068,"orthographic":false}