{"cameraMode":{"drawMode":0,"name":"Shaded","section":"Shading Mode"},"sceneLighting":true,"audioPlay":false,"sceneViewState":{"m_AlwaysRefresh":false,"showFog":true,"showSkybox":false,"showFlares":true,"showImageEffects":true,"showParticleSystems":true,"showVisualEffectGraphs":true,"m_FxEnabled":true},"in2DMode":false,"pivot":{"x":0.6725477576255798,"y":-12.826324462890625,"z":31.310884475708009},"rotation":{"x":0.3126603960990906,"y":-0.014030518010258675,"z":0.0045873005874454979,"w":0.9498130083084106},"size":26.614042282104493,"orthographic":false}