{"cameraMode":{"drawMode":0,"name":"Shaded","section":"Shading Mode"},"sceneLighting":false,"audioPlay":false,"sceneViewState":{"m_AlwaysRefresh":false,"showFog":true,"showSkybox":false,"showFlares":true,"showImageEffects":true,"showParticleSystems":true,"showVisualEffectGraphs":true,"m_FxEnabled":true},"in2DMode":false,"pivot":{"x":0.19999995827674867,"y":0.09000001847743988,"z":1.862645149230957e-9},"rotation":{"x":0.010072926059365273,"y":0.9514381289482117,"z":-0.2870633900165558,"w":0.11091184616088867},"size":0.09246622771024704,"orthographic":false}