{"cameraMode":{"drawMode":0,"name":"Shaded","section":"Shading Mode"},"sceneLighting":false,"audioPlay":false,"sceneViewState":{"m_AlwaysRefresh":false,"showFog":true,"showSkybox":false,"showFlares":true,"showImageEffects":true,"showParticleSystems":true,"showVisualEffectGraphs":true,"m_FxEnabled":true},"in2DMode":false,"pivot":{"x":0.234724760055542,"y":0.31727683544158938,"z":-0.176364004611969},"rotation":{"x":-0.12000185251235962,"y":0.537787675857544,"z":0.050796765834093097,"w":0.8329828381538391},"size":1.2298285961151124,"orthographic":false}