{"cameraMode":{"drawMode":0,"name":"Shaded","section":"Shading Mode"},"sceneLighting":false,"audioPlay":false,"sceneViewState":{"m_AlwaysRefresh":false,"showFog":true,"showSkybox":false,"showFlares":true,"showImageEffects":true,"showParticleSystems":true,"showVisualEffectGraphs":true,"m_FxEnabled":true},"in2DMode":false,"pivot":{"x":-0.11728131771087647,"y":0.11183281242847443,"z":1.1020572185516358},"rotation":{"x":-0.12910443544387818,"y":0.5121138095855713,"z":0.05178634449839592,"w":0.8476109504699707},"size":0.5001562237739563,"orthographic":false}